Step_1-AveragePolicyStd,ItrTime,Step_1-AverageDiscountedReturn,KLCoeffInner,Step_0-MinReturn,Time-SampleProc,Step_1-StdReturn,n_timesteps,Step_0-AverageDiscountedReturn,Step_1-MinReturn,Time,Time-InnerStep,Step_0-AveragePolicyStd,Step_0-MaxReturn,Itr,Step_0-EnvExecTime,Time-MAMLSteps,Step_0-PolicyExecTime,Step_1-NumTrajs,LossAfter,Step_1-EnvExecTime,Step_1-AverageReturn,Step_0-NumTrajs,Step_0-AverageReturn,Step_1-MaxReturn,Time-Sampling,Step_1-PolicyExecTime,Step_0-StdReturn,Time-TotalInner,Time-OuterStep,KLInner,LossBefore
1.0000701,68.35930752754211,0.01849971695843701,0.0005,-0.01344353508097429,0.43258166313171387,0.08547425360417135,160000,0.010905955646050045,-0.009297266628204515,68.35930919647217,3.4106218814849854,1.0,0.49697052076344983,0,3.9043827056884766,51.22575902938843,1.2360825538635254,800,-0.0063188174,3.9409239292144775,0.03536367044560731,800,0.02081788398164832,0.5231477387049481,12.655348062515259,2.5737264156341553,0.059055144824150654,16.51361107826233,51.22452259063721,0.008874422,1.8030408e-10
1.0047455,13.460494995117188,0.05515870212966627,0.0005,0.0,0.5038440227508545,0.21526136432138876,320000,0.03258708887584966,-0.0036333571966515876,81.8505973815918,0.10201859474182129,1.0041449,1.1382577451173002,1,4.075179100036621,1.3760771751403809,0.591228723526001,800,-0.0027567386,4.035154342651367,0.10663471348921093,800,0.06419372175908451,1.1914515366395213,11.414237976074219,1.7188398838043213,0.1627540905746276,12.036856412887573,1.3722007274627686,0.012431317,2.2538042e-10
1.0055745,14.32568097114563,0.08492707509097451,0.0005,0.0,0.3944852352142334,0.2998638683906636,480000,0.06463678619428491,-0.025754078898181154,96.19824266433716,0.09997773170471191,1.0059083,1.2803594844463646,2,4.420696973800659,1.3768186569213867,0.6094787120819092,800,-0.0012768894,4.544569492340088,0.15994625934713733,800,0.12168812278442914,1.3741518523899163,12.387694597244263,1.7871501445770264,0.2525704894896022,12.907323122024536,1.3750178813934326,0.00934284,-2.0377353e-10
1.006604,17.440046310424805,0.12427763177499543,0.0005,-0.3930941456351946,0.440091609954834,0.3859064033556649,640000,0.09809474471839977,-0.2662105929366234,113.65303063392639,0.12331843376159668,1.0061818,1.8135628892717732,3,5.634331226348877,1.4889750480651855,0.681194543838501,800,-0.0006473588,5.863056182861328,0.2239690251135703,800,0.17626113361835025,1.6728413668854403,15.320362567901611,2.0159707069396973,0.34289280679957884,15.901334047317505,1.4879906177520752,0.0066278935,5.608423e-10
1.0064504,17.754748821258545,0.1507989890850024,0.0005,-0.576403128681227,0.5762190818786621,0.4915577507918827,800000,0.12016163579552451,-0.5798025331788641,131.42530870437622,0.16872882843017578,1.0066605,2.33615606880423,4,6.017448425292969,1.3845243453979492,0.6987771987915039,800,-0.0008618295,5.7490081787109375,0.27381623785022524,800,0.21647001993922507,2.2754780698843997,15.55846381187439,1.9874389171600342,0.44036394524893385,16.329787731170654,1.3832573890686035,0.008153917,2.0958484e-09
1.0075288,16.223049879074097,0.1855966544831829,0.0005,-0.34132852293639404,0.5413405895233154,0.6057225381797311,960000,0.15204168956795416,-0.6389675879702494,147.66624307632446,0.10073232650756836,1.0071946,2.3278210799078534,5,5.159097671508789,1.6526706218719482,0.6259331703186035,800,4.3287955e-06,5.116095542907715,0.34059204024601525,800,0.2796943071746581,2.4582266480637522,13.865721940994263,1.8625826835632324,0.5431809734580931,14.525431394577026,1.6509571075439453,0.0041639395,-9.411947e-10
1.007874,22.280147314071655,0.15557063879444713,0.0005,-0.45974090902896236,0.7794449329376221,0.5581746691146929,1120000,0.1542665261061199,-0.41371039743067994,169.97827816009521,0.17270612716674805,1.0080206,2.4280992553468264,6,7.1144537925720215,1.8233001232147217,0.7581703662872314,800,-0.000667878,7.698330402374268,0.27555898551241526,800,0.27633750782956484,2.313781824771752,19.439964056015015,2.491868495941162,0.5470775929597471,20.412747144699097,1.8225300312042236,0.0020541176,5.4679807e-09
1.0080179,20.813032627105713,0.19368603160493594,0.0005,-0.18458216280750728,0.6121771335601807,0.5947880034695249,1280000,0.15008468849089396,-0.36921283579270714,190.8147211074829,0.13013219833374023,1.0081576,2.3447821790539827,7,6.892124891281128,1.7988393306732178,0.7724671363830566,800,-0.00071235053,6.933974027633667,0.34400491796093374,800,0.264763394410237,2.4443493406071326,18.1995210647583,2.2788608074188232,0.5304956205742755,18.961506605148315,1.7966082096099854,0.005113423,2.9571354e-09
1.008546,21.509620189666748,0.1714226513050985,0.0005,-0.19770506988815217,0.636277437210083,0.5688251637541226,1440000,0.15968305496550086,-0.3732396212823974,212.34534215927124,0.17333459854125977,1.0085621,2.417147929800995,8,7.2475855350494385,1.8119053840637207,0.7795860767364502,800,-0.00018274198,6.88691258430481,0.31307408135376324,800,0.29039823168153023,2.4264687164848526,18.82034420967102,2.5443921089172363,0.5758218620095918,19.649573802947998,1.8108372688293457,0.0046353,-7.1804984e-10
1.0084907,23.32185411453247,0.180948221619959,0.0005,-0.1927624194451627,0.5728847980499268,0.5943070031932409,1600000,0.15728156429940482,-0.07839762279249562,235.69546937942505,0.13634943962097168,1.0082779,2.3791357217013576,9,7.022176265716553,1.8636970520019531,0.7762415409088135,800,-0.00041678085,7.36466646194458,0.32441868789953676,800,0.28519280307578937,2.395888806539082,20.653986930847168,2.3596954345703125,0.5614972246042839,21.388593912124634,1.8612854480743408,0.0033813969,1.2140722e-09
1.0058509,23.306823015213013,0.17760651536604452,0.0005,-0.1283171268825476,0.6749353408813477,0.5716566293382949,1760000,0.18083094069400787,-0.5765553942528374,259.03225564956665,0.1259934902191162,1.0066185,2.384045118451294,10,7.520179033279419,1.828376054763794,0.8197863101959229,800,-0.0002029986,7.619216442108154,0.3163755763083871,800,0.3155414866670327,2.379124577665161,20.60456657409668,3.2711181640625,0.567363419529446,21.429068565368652,1.8275494575500488,0.0030846703,-2.1710993e-09
1.0045197,23.448545455932617,0.17334654277063177,0.0005,-0.6116217678398961,0.6854822635650635,0.5534858581295642,1920000,0.16448863910483635,-0.43674519554130375,282.50494623184204,0.13544797897338867,1.004935,2.512839210790085,11,7.562662601470947,2.0216875076293945,0.84989333152771,800,-0.0003174643,8.194452285766602,0.2894293636307441,800,0.2904542607617143,2.2905701422910782,20.528315782546997,2.550100088119507,0.5678210223497656,21.36943006515503,2.017911672592163,0.0047186445,1.1697413e-09
1.0040951,24.2467520236969,0.16155865767283964,0.0005,-0.48078318204318915,0.7554593086242676,0.5463831049021837,2080000,0.12037738308480037,-0.4440783934970862,306.7824282646179,0.15753912925720215,1.0041866,2.4413874900596872,12,8.61740756034851,2.155344009399414,0.9100546836853027,800,-0.0016438417,7.710344314575195,0.2728146229029328,800,0.20313604859746323,2.2921350098594475,21.06570267677307,2.3830833435058594,0.459960946587012,22.009662628173828,2.1506030559539795,0.0062033464,-4.826114e-10
1.0047859,19.450926780700684,0.1730091143748777,0.0005,-0.24831721049674904,0.5350532531738281,0.5679147316782781,2240000,0.15505381723885628,-0.5966151783231783,326.25870656967163,0.14229059219360352,1.0053908,2.4448996049273095,13,6.103073358535767,1.7606215476989746,0.7204396724700928,800,3.7068658e-05,6.5107762813568115,0.2948680852174027,800,0.27571432086028436,2.417883396208506,16.87686800956726,2.2611396312713623,0.5659102707316443,17.583561182022095,1.7587802410125732,0.005487159,-2.9765063e-10
1.0065845,20.959181547164917,0.16406817974556284,0.0005,-0.389369787087114,0.708033561706543,0.5604743770589046,2400000,0.14603137832657076,-1.0226750710394166,347.24990797042847,0.15883231163024902,1.006752,2.3662609656122564,14,7.920497179031372,1.5287837982177734,0.9079186916351318,800,-0.00040363712,6.086210250854492,0.286394645975123,800,0.2529830958385107,2.2740239692599764,18.480289459228516,2.1115622520446777,0.5308587738313327,19.37311053276062,1.527724266052246,0.0065981345,1.0553747e-09
1.0072049,18.638031721115112,0.18937668049763637,0.0005,-0.5796466488896583,0.5217957496643066,0.6185750385148305,2560000,0.15617883812586567,-0.348361622790069,365.904780626297,0.10995030403137207,1.0077083,2.5031816460081826,15,6.502068758010864,1.5771474838256836,0.7660346031188965,800,-5.2793835e-05,5.852408409118652,0.34406817280076707,800,0.27771446065459243,2.361664797017585,16.36017918586731,1.9991424083709717,0.5616883830062215,17.00945782661438,1.5734317302703857,0.0012604487,-1.3376587e-09
1.0085509,17.334388732910156,0.19280109701579462,0.0005,-0.14573342154686886,0.49875307083129883,0.6066951065309537,2720000,0.15778968452821085,-0.3330024478198905,383.2604901790619,0.11170434951782227,1.0079156,2.445818586599418,16,5.22329568862915,1.700138807296753,0.6791622638702393,800,-0.0006765732,5.815739393234253,0.34385231240152847,800,0.28485220683876733,2.397947501579555,14.955406904220581,2.0324153900146484,0.5664559992303648,15.581260681152344,1.6978702545166016,0.0043184827,7.769095e-10
1.0069658,18.746707439422607,0.1724020107400156,0.0005,-0.14330584938253965,0.4591834545135498,0.596829794921336,2880000,0.1464689131558901,-0.1473805597704918,402.0335760116577,0.10730648040771484,1.0071126,2.3116071269790095,17,6.759481191635132,1.469996690750122,0.7742066383361816,800,-0.00033988885,5.801052093505859,0.30913011108476807,800,0.2642246109509403,2.4728422575629425,16.629517555236816,2.0462751388549805,0.5581925803186009,17.21373701095581,1.469282627105713,0.0041143373,1.4482057e-10
1.0064137,17.404671907424927,0.183739064573432,0.0005,-0.5905402556767196,0.4652543067932129,0.5721410224097669,3040000,0.1913268870957586,-0.3827131930795078,419.45249247550964,0.11855602264404297,1.0065835,2.4739963991301215,18,6.032560586929321,1.4604690074920654,0.6901319026947021,800,-0.00019269633,5.435946702957153,0.31794486569407276,800,0.34434636043135447,2.418475312967816,15.303421974182129,1.9604172706604004,0.6345785145744856,15.900486946105957,1.4587204456329346,0.0023328778,2.3832541e-10
1.0073526,16.68905472755432,0.17001145007478108,0.0005,-0.18964372485543324,0.45383501052856445,0.5760188345039001,3200000,0.14240634121656376,-0.2717966372852718,436.1587173938751,0.09811830520629883,1.0071716,2.4747375086746626,19,5.461511850357056,1.4672980308532715,0.658627986907959,800,-0.0003749714,5.402672529220581,0.2936701776542489,800,0.24358222981680477,2.390359628501862,14.599976539611816,1.937774419784546,0.5121759147161234,15.16453242301941,1.4660537242889404,0.0040705255,-1.5705826e-09
1.009223,16.435437202453613,0.15708633447204548,0.0005,-1.0722817229400823,0.40886998176574707,0.538448447335631,3360000,0.15739608316555156,-0.7354290429095722,452.6131114959717,0.10996866226196289,1.0100567,2.389943529055827,20,5.773581504821777,1.3601701259613037,0.6662089824676514,800,-0.00025880817,5.114165782928467,0.2541185710146652,800,0.24609651057196835,2.3853375833573818,14.492718696594238,1.8267402648925781,0.5386711159327752,15.03123664855957,1.3570384979248047,0.003542486,2.7306388e-10
1.0130634,16.418009519577026,0.1641660907426115,0.0005,-0.49231264706880173,0.41862940788269043,0.5534318032580637,3520000,0.13869335538691943,-0.8565293901013775,469.04759073257446,0.10513424873352051,1.01282,2.315849896263845,21,5.516507625579834,1.4420077800750732,0.6611149311065674,800,-0.00073208066,5.2127814292907715,0.26646520539678237,800,0.22467935939375852,2.3629388061003187,14.396076202392578,1.8812801837921143,0.4992515261703156,14.93421483039856,1.4390926361083984,0.0041939877,-1.5888366e-10
1.0156912,16.424417734146118,0.21302798196785017,0.0005,-0.5257672051048385,0.48780274391174316,0.6081511278748291,3680000,0.1976037256776544,-0.45923105106240314,485.4859256744385,0.09593558311462402,1.015665,2.3981027183576904,22,5.474716424942017,1.447155237197876,0.6703658103942871,800,-0.0003412241,5.192133903503418,0.34345254392913743,800,0.3329156611928714,2.421555425919796,14.32680082321167,1.8837528228759766,0.6064964669436832,14.929426193237305,1.4439878463745117,0.0043320344,-2.8008595e-09
1.0160644,17.308369636535645,0.20391770759430933,0.0005,-0.6744629617131181,0.527367353439331,0.6014958077664481,3840000,0.15790748093044366,-0.5268859402246293,502.8126652240753,0.09696602821350098,1.0165845,2.2167367667705173,23,5.574275016784668,1.4138696193695068,0.6557362079620361,800,-0.0001860432,5.829539060592651,0.34601506379937647,800,0.27332744862208197,2.404066174688828,15.207231998443604,1.9786412715911865,0.5530572068390823,15.854334592819214,1.413142204284668,0.0032484017,-2.8662384e-09
1.0174007,16.12795114517212,0.17518831458049614,0.0005,-0.4414378907722223,0.4890110492706299,0.593220571204705,4000000,0.14732738107349394,-0.4237131666521172,518.9659652709961,0.11391663551330566,1.01727,2.373732525404272,24,5.42448091506958,1.422825813293457,0.6614768505096436,800,-0.0009813469,5.009744644165039,0.31041609845405,800,0.2565099713804438,2.440147499974999,14.033712148666382,1.8687353134155273,0.5453767760058803,14.66109323501587,1.421910047531128,0.0074028177,-3.2927843e-09
1.0188651,15.737881183624268,0.18507975085314363,0.0005,-0.7957913062578403,0.41798973083496094,0.61514243033719,4160000,0.17614151744799145,-0.42460545073026124,534.7207515239716,0.0986940860748291,1.0192127,2.2558781376234887,25,5.1351611614227295,1.3700768947601318,0.645148754119873,800,-0.00023987744,5.041577577590942,0.3265310494014442,800,0.3134399794468681,2.383562886871905,13.782180309295654,1.8792688846588135,0.5924589724765968,14.322969198226929,1.3639848232269287,0.0020442787,1.379475e-09
1.0196166,15.427109479904175,0.17050908802924403,0.0005,-0.16177090794285331,0.417064905166626,0.5545767703100625,4320000,0.14837863571592957,-0.38673819922002384,550.1673336029053,0.10106873512268066,1.0195969,2.2767474626644995,26,4.9624714851379395,1.3762776851654053,0.6470460891723633,800,-0.0001382351,4.8996522426605225,0.29471411796613717,800,0.26282431102514353,2.3981304279190443,13.471798658370972,1.8669712543487549,0.5397578043005937,14.00611400604248,1.3742880821228027,0.0037496532,1.0215679e-09
1.0194598,15.831559419631958,0.1566718987177515,0.0005,-0.14190348636833994,0.43680787086486816,0.5463609628717545,4480000,0.17941323414830354,-0.46529499952759856,566.0112330913544,0.10636687278747559,1.0190308,2.435144759848039,27,5.224477052688599,1.4184870719909668,0.6340410709381104,800,-0.00059734215,4.997621774673462,0.26817623731685336,800,0.30767707485822876,2.3962793912821114,13.804886817932129,1.8690447807312012,0.5942393448908319,14.36471152305603,1.4136369228363037,0.0050004004,-1.3714656e-09
1.0173497,15.350070714950562,0.18790151399279129,0.0005,-0.5330538979887898,0.43493008613586426,0.5918365421929186,4640000,0.16216655154725904,-0.21366535989778956,581.376886844635,0.09117531776428223,1.0176451,2.267278828862906,28,4.951908588409424,1.3824951648712158,0.6301689147949219,800,-0.0009795944,4.890146017074585,0.31658328313684286,800,0.2861279072019731,2.4084290535951998,13.388783693313599,1.8231754302978516,0.5488464610576417,13.930023670196533,1.3783180713653564,0.0060214917,-4.2859463e-10
1.0166438,15.490103721618652,0.1796089490645535,0.0005,-0.4583316409473732,0.4390263557434082,0.5887070591470189,4800000,0.16464912425713144,-0.35645343073572855,596.8806073665619,0.10089826583862305,1.0166295,2.415853441254834,29,5.041636228561401,1.3805530071258545,0.6378762722015381,800,-0.0005115299,4.920190811157227,0.30857280049278524,800,0.2871615951281519,2.3650427333791244,13.51628828048706,1.8347759246826172,0.5814016278850348,14.072259187698364,1.3796157836914062,0.0043901443,1.4184971e-09
1.0162134,15.702773332595825,0.1743229080266461,0.0005,-0.3496515061766732,0.45015382766723633,0.5935747361993331,4960000,0.15622792173817515,-0.06452266454308431,612.5958075523376,0.10956501960754395,1.0158999,2.4242293309772927,30,5.120602607727051,1.4100098609924316,0.6140515804290771,800,-0.0002351191,4.936755895614624,0.30649009878205313,800,0.26720771598646964,2.358052394926374,13.659760236740112,1.8557045459747314,0.5670663708854636,14.236346006393433,1.409132719039917,0.0042557484,-1.2578443e-09
1.0137591,16.035733222961426,0.22648225414853393,0.0005,-0.03395440562521479,0.5228571891784668,0.6769743274298945,5120000,0.2026716649864514,-0.27582365704201095,628.6442458629608,0.11444544792175293,1.0140159,2.3942597907154903,31,5.253438711166382,1.40150785446167,0.6501109600067139,800,-0.00043658592,5.026723146438599,0.39733284868212565,800,0.35991106753989427,2.4276276171533895,13.93339490890503,1.8740496635437012,0.6407250631551654,14.592759847640991,1.3993940353393555,0.006649864,4.0885073e-10
1.0128231,16.193384647369385,0.17694644355236158,0.0005,0.0,0.46250081062316895,0.599881292078611,5280000,0.15424576454616998,-0.3058649769824968,644.8563532829285,0.1021888256072998,1.012722,2.463999195556173,32,5.231040954589844,1.3538167476654053,0.6217615604400635,800,-0.00057339325,5.364099979400635,0.31144836752606875,800,0.2758364103169812,2.3693182734681835,14.219842910766602,1.8988432884216309,0.5670487624009379,14.796854019165039,1.3526828289031982,0.0035188578,1.1320225e-09
1.0112575,16.07801842689514,0.1704960736383434,0.0005,-0.2859474344783708,0.42246317863464355,0.5799329150384677,5440000,0.15105074456366915,-0.35570315740599456,660.9524350166321,0.09363603591918945,1.0112965,2.3739617391353423,33,5.354158163070679,1.4050757884979248,0.6646511554718018,800,-0.0007018508,5.12235689163208,0.292656207125259,800,0.2588831328201634,2.3275244513756905,14.091695547103882,1.8829171657562256,0.5539493008729134,14.626166105270386,1.4041645526885986,0.0032699802,6.1318267e-10
1.0093119,15.980973243713379,0.18609364314742052,0.0005,-0.07095882686543531,0.47348713874816895,0.5981953553143888,5600000,0.18237401942772766,-0.28922558970324985,676.9495606422424,0.09875965118408203,1.0090188,2.454776368024118,34,5.262759447097778,1.4381887912750244,0.6541309356689453,800,-0.00026316507,5.027094602584839,0.3123158785695716,800,0.3144885214142651,2.4106248716106884,13.897924900054932,1.840226173400879,0.6018714209796111,14.487087726593018,1.4362103939056396,0.0027171322,-2.4026259e-09
1.0064303,16.406432151794434,0.18438688143497955,0.0005,-0.4274779138259923,0.4263737201690674,0.5906160298435742,5760000,0.17257870999376002,-0.48820920402413703,693.3739709854126,0.10079216957092285,1.0077158,2.4487569250037717,35,5.319783449172974,1.3177921772003174,0.6460444927215576,800,-7.174759e-05,5.264471054077148,0.305377943759399,800,0.2964060417415612,2.417688093569551,14.500178098678589,2.1902883052825928,0.5985127437099442,15.044601917266846,1.3169770240783691,0.0026191608,2.2152438e-09
1.0069077,16.077545642852783,0.18854211085705358,0.0005,-0.5206984059181239,0.4182016849517822,0.603247301374317,5920000,0.18280456425577526,-0.8400555792081918,709.4754695892334,0.10130047798156738,1.0066679,2.393921004884904,36,5.267196416854858,1.4267826080322266,0.6385867595672607,800,-0.0003527525,5.186014413833618,0.31736460748224204,800,0.31855674716860266,2.402997077003902,14.063570976257324,1.876230239868164,0.6206857402671628,14.602246761322021,1.4260659217834473,0.0014945384,-1.6765668e-09
1.0040329,15.698277711868286,0.19937563428937438,0.0005,0.0,0.37488865852355957,0.6282722489776257,6080000,0.19375372591134848,-0.4299304593369535,725.1931097507477,0.11275148391723633,1.0044383,2.444452330382014,37,5.14642596244812,1.3233816623687744,0.6424410343170166,800,-0.001042737,5.078069448471069,0.3423661422150886,800,0.33116003417067835,2.4962830704366907,13.817629337310791,1.857116460800171,0.621123739149139,14.321269273757935,1.3224718570709229,0.0057109185,-4.8168014e-10
1.0033522,16.155030965805054,0.2130869037568846,0.0005,0.0,0.44961094856262207,0.6490342527584736,6240000,0.20375759535163038,-0.02533210183378376,741.3655340671539,0.09532594680786133,1.0028822,2.438720276091691,38,5.23027491569519,1.442929983139038,0.6404750347137451,800,6.72727e-05,5.237424612045288,0.3624218329348627,800,0.35277921895894904,2.3818002106288394,14.0961754322052,1.878741979598999,0.6480222556351513,14.661786556243896,1.4405052661895752,0.00395066,-1.7017125e-09
1.0011474,15.873790264129639,0.19478480431715323,0.0005,-0.2713827774519171,0.4024672508239746,0.6185073844276986,6400000,0.16691644281747045,-0.3238667050341695,757.2612528800964,0.0988161563873291,1.0011758,2.3467240611347195,39,5.306889295578003,1.3178789615631104,0.6643445491790771,800,-0.0004044133,5.014575958251953,0.33089973425209185,800,0.29505883907474934,2.4137163772477974,13.97839879989624,1.886660099029541,0.6094973830550788,14.501481771469116,1.316014289855957,0.0034029405,-1.9690023e-09
0.99899054,15.959353923797607,0.22183145602934753,0.0005,-0.10107472859482813,0.4123086929321289,0.6542105752952905,6560000,0.2058710854527339,-0.34682146335676967,773.2425880432129,0.10458564758300781,0.9987456,2.413628303450187,40,5.191958904266357,1.3756744861602783,0.6296446323394775,800,-0.000552503,5.215162754058838,0.3747266613321916,800,0.3510601613825476,2.444318951719298,14.010225772857666,1.855262041091919,0.6433000412021718,14.545196294784546,1.3746798038482666,0.0048546097,1.1369584e-09
0.99709725,15.736762046813965,0.21425905494414052,0.0005,-0.05288290316076827,0.44655537605285645,0.6499326102350823,6720000,0.19536442807591492,-0.1698398262621046,788.9921097755432,0.1095588207244873,0.99728954,2.502594151432443,41,5.246249675750732,1.3603899478912354,0.6364920139312744,800,-0.0010304969,4.921376705169678,0.36792340603587276,800,0.341493224621523,2.373936189965965,13.754413366317749,1.8585355281829834,0.6629883317017192,14.32906699180603,1.3583486080169678,0.0052685323,-2.87462e-09
0.99591863,16.788177728652954,0.2168160457210654,0.0005,0.0,0.4386599063873291,0.6535808922234472,6880000,0.22256549515263857,0.0,805.7960782051086,0.0939185619354248,0.9955256,2.319221541459092,42,5.362887382507324,1.3250713348388672,0.6460878849029541,800,-0.0004467259,5.7748541831970215,0.3734277722376126,800,0.3791955777742336,2.356653579810111,14.876453638076782,1.9903855323791504,0.6565899203311572,15.42440128326416,1.3241891860961914,0.0027720188,3.2503153e-10
0.99393135,16.201748609542847,0.23024588331473356,0.0005,0.0,0.5068550109863281,0.6745382672918153,7040000,0.18134063324632685,-0.18101001691638086,822.0178394317627,0.10953950881958008,0.9936144,2.46606724958034,43,5.21427583694458,1.4018504619598389,0.6475274562835693,800,-0.0009151365,5.249436616897583,0.3822930318208583,800,0.301521649862774,2.423529446409681,14.121791362762451,1.8860983848571777,0.6044391740567601,14.753419876098633,1.3992457389831543,0.0031562056,-3.4857544e-09
0.9916048,18.58799958229065,0.23490938009393558,0.0005,0.0,0.3993966579437256,0.6603092488984085,7200000,0.21795368887855343,-0.08847090031143123,840.6225354671478,0.12270712852478027,0.99124074,2.4202400326246982,44,5.804324150085449,1.5603647232055664,0.6644382476806641,800,-0.0008845415,6.551609039306641,0.39434264497904636,800,0.36843028567906183,2.3779195069181047,16.43515110015869,2.200779676437378,0.6432015811200869,16.971571683883667,1.5591230392456055,0.005521062,2.7010216e-09
0.98859954,20.818708896636963,0.2181236692424271,0.0005,-0.018473973784064235,0.5161037445068359,0.6211695975527197,7360000,0.19737660447107494,-0.13256538881441848,861.456047296524,0.10449051856994629,0.98816603,2.3574640216011047,45,6.943427801132202,1.4638149738311768,0.7585132122039795,800,-0.0002157095,7.332021474838257,0.3481142712724436,800,0.3233108548617605,2.384378141101095,18.669946432113647,2.368650436401367,0.6225582504641207,19.31002426147461,1.4630846977233887,0.0040167733,8.6352225e-10
0.98546493,16.479410409927368,0.23313762226051155,0.0005,-0.25512331435759084,0.3926963806152344,0.6222446066393176,7520000,0.20914294224923644,-0.4357823492322286,877.9559028148651,0.1001739501953125,0.9856671,2.4274383877930568,46,5.704422235488892,1.3691930770874023,0.6866676807403564,800,-0.00036612616,5.169128894805908,0.3641825322087017,800,0.33956280994765947,2.393297383774061,14.548718452453613,1.8731846809387207,0.6333014172052814,15.058306217193604,1.3684396743774414,0.0017572638,1.2740491e-09
0.983409,15.882515668869019,0.1963026326551214,0.0005,-0.40136843577589465,0.4368896484375,0.6131887855910545,7680000,0.16360300658907392,-0.5184224943282931,893.8516533374786,0.1045982837677002,0.9830246,2.31375306317911,47,5.186182737350464,1.3241045475006104,0.6262288093566895,800,-0.0013644153,5.189451217651367,0.31644729725890897,800,0.2685061716528576,2.43151871739989,13.959856748580933,1.855938196182251,0.5665817379703444,14.51904821395874,1.3229491710662842,0.007975562,1.591444e-09
0.97946095,16.1237850189209,0.22430824541805092,0.0005,-0.35115728325306117,0.4603536128997803,0.6606841432729966,7840000,0.183444312163709,-0.21550497803365976,909.9976952075958,0.11330413818359375,0.9795702,2.3626049900700616,48,5.336198568344116,1.3514297008514404,0.6302688121795654,800,-0.0005777064,5.177792072296143,0.36403953122736027,800,0.30195815661032993,2.458257659167859,14.131283283233643,1.8895468711853027,0.5957880094348578,14.724117994308472,1.348825216293335,0.0060864836,3.7116927e-09
0.97673386,15.998800039291382,0.22017605058377254,0.0005,-0.21455542724041177,0.37856054306030273,0.637729595028669,8000000,0.20145617621254025,-0.10829875977290548,926.0138156414032,0.10170984268188477,0.9762639,2.394456594860821,49,5.264668703079224,1.4280903339385986,0.6381099224090576,800,-0.00034846878,5.232555389404297,0.35576615703630127,800,0.3279560586696797,2.4778848277041496,14.034135103225708,1.8222293853759766,0.6278845478239247,14.527901887893677,1.42740797996521,0.006544532,5.846843e-10
0.9755572,15.847369194030762,0.22665917926063528,0.0005,0.0,0.3827807903289795,0.676018489268419,8160000,0.22108465200903954,-0.17864993769961535,941.8810856342316,0.09411168098449707,0.97549236,2.4777337796771177,50,5.055674314498901,1.5972366333007812,0.6335275173187256,800,-6.502442e-05,5.068753719329834,0.37848976779180615,800,0.3786182466955584,2.4654807209992184,13.701600790023804,1.860698938369751,0.6778536177278905,14.201664209365845,1.5943653583526611,0.0021153602,-2.6673064e-10
0.97614706,15.834903240203857,0.23775587687870858,0.0005,-0.000682623697982887,0.3979458808898926,0.6744659289747403,8320000,0.20963603622566324,-0.06237927750357075,957.7356011867523,0.09934878349304199,0.9758709,2.440730755820886,51,5.296891927719116,1.3331878185272217,0.6398966312408447,800,-0.00076802156,5.08290958404541,0.3910084164392395,800,0.35459112130032067,2.4693311249009056,13.936359405517578,1.826016902923584,0.6663446601801175,14.450557231903076,1.331167221069336,0.006838715,-2.5941058e-09
0.9758421,15.832066297531128,0.2319067877432805,0.0005,0.0,0.4151732921600342,0.6947500530644971,8480000,0.19087530777175374,0.0,973.5835769176483,0.10888099670410156,0.9761276,2.406936529124795,52,5.248961687088013,1.2578871250152588,0.6392040252685547,800,-0.0012908728,5.236833333969116,0.39384397830486084,800,0.33052230718432685,2.480817567825549,13.979859590530396,1.8154804706573486,0.637197306343672,14.522708892822266,1.2546968460083008,0.0072858036,2.4829059e-09
0.97643673,15.840139865875244,0.2728996578726634,0.0005,0.0,0.39718008041381836,0.7101539653808752,8640000,0.22439570780168697,-0.010846128806221156,989.4410457611084,0.10137271881103516,0.9758168,2.3805811035947673,53,5.237366676330566,1.292842149734497,0.63271164894104,800,-0.0005286573,5.237422943115234,0.45546575520692656,800,0.3798260156494459,2.4474126209295886,13.989826679229736,1.8020849227905273,0.6855888457107968,14.500396013259888,1.292125940322876,0.005127874,-2.4503095e-09
0.9733013,15.511992692947388,0.2930796326048207,0.0005,-0.1102038305165336,0.3680453300476074,0.7738568084391254,8800000,0.22146204682468812,-0.008573775633483383,1004.9728436470032,0.0942375659942627,0.97299844,2.4494053143765004,54,5.148919582366943,1.3075859546661377,0.6214480400085449,800,-0.00078922394,5.017417669296265,0.4968229133686783,800,0.38273629106349694,2.4374968785115976,13.679158449172974,1.8404309749603271,0.6976433187081105,14.157968521118164,1.3065884113311768,0.0038133166,-1.1602416e-09
0.96786916,15.71641755104065,0.2685413071268818,0.0005,0.0,0.38138532638549805,0.7263092917234516,8960000,0.21197719554625766,-0.24948511604976753,1020.7086019515991,0.09329390525817871,0.968026,2.461657899994539,55,5.254205226898193,1.3798794746398926,0.6301419734954834,800,-0.0007440656,5.002003192901611,0.4512183057972166,800,0.3538308375621573,2.422515247594084,13.791924238204956,1.82279372215271,0.6780671305342068,14.282121896743774,1.3790504932403564,0.0027127464,8.004717e-10
0.9643952,15.638520002365112,0.2413407381382504,0.0005,0.0,0.41773152351379395,0.7000432224785743,9120000,0.19428682611744047,-0.01474555200610661,1036.36359167099,0.11195230484008789,0.9637133,2.448721007030172,56,5.0798234939575195,1.3255577087402344,0.6380681991577148,800,-0.0011502199,5.073453187942505,0.39953949231517216,800,0.33037094139477924,2.477475958971901,13.71641206741333,1.8459701538085938,0.6420456970562219,14.26078200340271,1.3247857093811035,0.0031384914,-1.0259449e-09
0.959943,15.764696836471558,0.2638566988451244,0.0005,-0.023258639679140547,0.38717150688171387,0.7253792148011154,9280000,0.24381239723580195,0.0,1052.1403732299805,0.1044774055480957,0.95976436,2.504086066707863,57,5.432413816452026,1.22035813331604,0.6336827278137207,800,-0.000451826,5.031721830368042,0.4400499913131526,800,0.4090768314810467,2.4456906221165267,13.998430252075195,1.8060436248779297,0.7233662878345873,14.506905555725098,1.2185442447662354,0.0026416224,1.708418e-09
0.95538926,15.633519887924194,0.26711321138097754,0.0005,0.0,0.37305617332458496,0.7227596585627928,9440000,0.21531662001026095,-0.04666093729691223,1067.7902886867523,0.09739971160888672,0.95560706,2.447142522043115,58,5.0884716510772705,1.2729861736297607,0.6265072822570801,800,-0.000511764,5.191220998764038,0.4372801522300115,800,0.35522546993506027,2.4356493570236775,13.821868658065796,1.8506104946136475,0.6740152985365112,14.311622142791748,1.2713046073913574,0.0069561824,-4.17605e-10
0.9518592,15.6666579246521,0.2571344009453245,0.0005,0.0,0.40910959243774414,0.7436302289121082,9600000,0.20080964440378574,0.0,1083.4734613895416,0.09057855606079102,0.9517648,2.450669870510206,59,5.19624662399292,1.3072609901428223,0.6308779716491699,800,-0.00019825058,5.1111085414886475,0.43177200949820493,800,0.35272210059952863,2.443684736976952,13.782392978668213,1.7816815376281738,0.700424424662207,14.299779415130615,1.306105375289917,0.002777389,-6.89365e-10
0.9486347,15.588839530944824,0.2882212280214829,0.0005,0.0,0.36945009231567383,0.7870143403330288,9760000,0.2778652071111105,0.0,1099.0749099254608,0.09859275817871094,0.94852746,2.4028122738675095,60,5.121150970458984,1.3179965019226074,0.6239910125732422,800,-0.00040961002,5.090917110443115,0.4910664766062418,800,0.4818311753996133,2.35137871758457,13.733685731887817,1.8205249309539795,0.7893827216164818,14.226683378219604,1.3169631958007812,0.003381364,4.2337928e-10
0.9449579,15.615097999572754,0.25712692974292767,0.0005,0.0,0.39331817626953125,0.7458141719553631,9920000,0.23261396079409657,0.0,1114.7072539329529,0.1027531623840332,0.9448337,2.4955107866461077,61,5.185417652130127,1.3389008045196533,0.6267995834350586,800,-0.0006224625,5.062044382095337,0.4328045385622589,800,0.39756482171390134,2.4486710301628856,13.729264736175537,1.784606695175171,0.7176799604534152,14.23655390739441,1.3382830619812012,0.0035145818,2.7152711e-09
0.9410999,15.769877910614014,0.25688773904525997,0.0005,0.0,0.44304418563842773,0.7534672525397433,10080000,0.2384927954464998,0.0,1130.4918637275696,0.09967756271362305,0.9410631,2.432053121313331,62,5.033053874969482,1.406054973602295,0.6195907592773438,800,-0.00048157756,5.259706020355225,0.43808101616195344,800,0.4105392956033157,2.45631638594303,13.75996446609497,1.7846870422363281,0.7447564742553023,14.32156491279602,1.405151128768921,0.008700642,-1.2081117e-09
0.9384024,16.266155242919922,0.26672016911230956,0.0005,-0.06208531836411524,0.4463510513305664,0.7846206072030959,10240000,0.2446731597094545,0.0,1146.774290561676,0.1058206558227539,0.9382466,2.443419454341062,63,5.414186000823975,1.3073668479919434,0.6382501125335693,800,-0.000619996,5.386720657348633,0.455345278351343,800,0.4269855400673536,2.4306136393531896,14.34752106666565,1.8368101119995117,0.7761577380309393,14.914734601974487,1.3063163757324219,0.0067760544,-1.8496085e-10
0.9363671,15.865907907485962,0.273853419179395,0.0005,0.0,0.4565155506134033,0.776139866754952,10400000,0.24977286736188908,0.0,1162.656673192978,0.11345338821411133,0.9364569,2.4507759837535215,64,5.270551443099976,1.3306570053100586,0.6324293613433838,800,-0.0005578734,5.129088878631592,0.460426209805165,800,0.4245402440859064,2.420731329098157,13.896479606628418,1.7818586826324463,0.7724868469265033,14.48261833190918,1.329411506652832,0.0057018055,1.7346814e-09
0.93590164,15.72463321685791,0.2767992093938536,0.0005,0.0,0.45780086517333984,0.7640766371663852,10560000,0.2508677421471105,0.0,1178.3949205875397,0.1024470329284668,0.9355524,2.456895126865142,65,5.110531568527222,1.3268342018127441,0.6336667537689209,800,-0.0005866901,5.111412763595581,0.45010925033578475,800,0.4238406553058984,2.453630312369556,13.772538900375366,1.829118251800537,0.758997478126878,14.353746175765991,1.3260080814361572,0.0046657636,3.9413575e-10
0.9350509,15.859569072723389,0.3053870781816858,0.0005,0.0,0.45175957679748535,0.813615121143508,10720000,0.2549270449813871,0.0,1194.2767367362976,0.1031949520111084,0.9350794,2.46298639790874,66,5.293312311172485,1.4077579975128174,0.6208221912384033,800,-0.00032335383,5.029656410217285,0.504313920582999,800,0.42786749232391563,2.4355413179728025,13.840083360671997,1.809274435043335,0.7707523231848729,14.409431219100952,1.4068760871887207,0.0060608094,6.146729e-10
0.93260646,15.860584020614624,0.31496367018019683,0.0005,0.0,0.38771939277648926,0.8204431475642364,10880000,0.2714658727397012,0.0,1210.1619775295258,0.10423564910888672,0.93320477,2.476311208023011,67,5.289400577545166,1.3411962985992432,0.6293342113494873,800,-0.0006793409,5.144423007965088,0.5177697132535839,800,0.45757025681058733,2.451720925388393,13.966493368148804,1.8245258331298828,0.7976245601134813,14.475088596343994,1.338303565979004,0.005167453,-2.1327273e-10
0.9305189,15.98615837097168,0.29279693121267825,0.0005,0.0,0.4695439338684082,0.7895144488476874,11040000,0.2784266424961174,0.0,1226.1628172397614,0.09993100166320801,0.9302902,2.4516637366866614,68,5.345317125320435,1.3718328475952148,0.6299569606781006,800,-0.0006509409,5.137502431869507,0.47639864909022234,800,0.4674769577179505,2.4094294105179785,13.990199327468872,1.7853076457977295,0.8076022426016625,14.577908992767334,1.3692808151245117,0.003549964,1.168251e-09
0.92819715,15.851311445236206,0.2937888059894585,0.0005,0.0,0.5151152610778809,0.7940726003820652,11200000,0.2527849445297499,0.0,1242.0380613803864,0.09631586074829102,0.9282122,2.468997328700792,69,5.218541622161865,1.355910301208496,0.632260799407959,800,-0.00085379736,5.083920955657959,0.47599751122876394,800,0.421556107273865,2.429081296589775,13.819700241088867,1.8079352378845215,0.7657276957820768,14.453590631484985,1.354569911956787,0.004072615,-1.00210396e-10
0.9275765,16.7945613861084,0.31370478241577765,0.0005,0.0,0.44954895973205566,0.8288705514472061,11360000,0.263268990161818,-0.03672730000425428,1258.852222442627,0.12477827072143555,0.92795634,2.4619516350721815,70,5.727268934249878,1.3386859893798828,0.6682548522949219,800,-0.00042399892,5.383456230163574,0.5162906611491936,800,0.4396830893542787,2.432694950365658,14.812548637390137,1.8867435455322266,0.7836158080734272,15.409300327301025,1.333805799484253,0.0024140717,-6.977468e-10
0.9285211,16.45104193687439,0.285328395032565,0.0005,0.0,0.3909902572631836,0.7827493243912236,11520000,0.28976759104263666,0.0,1275.3248162269592,0.1083822250366211,0.9283686,2.4237212786839026,71,5.573503732681274,1.3853416442871094,0.6493425369262695,800,-0.00037280485,5.335754156112671,0.4622001791286695,800,0.47830789982373245,2.394848614972464,14.507105112075806,1.8567380905151367,0.8155312260133173,15.024269104003906,1.3842806816101074,0.0038314722,-2.6162712e-09
0.92757165,16.39666485786438,0.286822962515564,0.0005,0.0,0.390880823135376,0.7964336065662431,11680000,0.25055001069184457,0.0,1291.7412168979645,0.0953822135925293,0.9276207,2.4453032770440815,72,5.624416351318359,1.2982177734375,0.6579163074493408,800,-0.00147517,5.290215015411377,0.46816628672954685,800,0.41034204414164016,2.492387358417767,14.555186748504639,1.8751728534698486,0.7554634673672772,15.058133363723755,1.296942949295044,0.005606069,-1.982227e-09
0.92532986,16.116264581680298,0.28972825098959515,0.0005,0.0,0.38591670989990234,0.8106040174930254,11840000,0.2853800962556919,0.0,1307.873292684555,0.10605859756469727,0.924939,2.487213368578681,73,5.571734428405762,1.2886455059051514,0.6442656517028809,800,-0.0006485812,5.116026878356934,0.47453996923828723,800,0.4713768446306999,2.4042756126273432,14.263089179992676,1.8312413692474365,0.8127577426046956,14.77268671989441,1.2871413230895996,0.004511202,-3.4868725e-10
0.9216879,15.970099687576294,0.2658437309104645,0.0005,0.0,0.4319581985473633,0.7979553096070751,12000000,0.25510226074125697,0.0,1323.8653960227966,0.09888935089111328,0.9213655,2.3946515378571163,74,5.47065806388855,1.2172048091888428,0.6332874298095703,800,-0.00046702585,5.198683261871338,0.4415214415067906,800,0.42395983004195514,2.484947191305107,14.168744802474976,1.784412145614624,0.8008611767233572,14.713866710662842,1.2137212753295898,0.0030917963,-5.8822336e-10
0.91932833,16.249723196029663,0.28703494823547787,0.0005,0.0,0.4380824565887451,0.8270876259696289,12160000,0.2769374886962885,0.0,1340.13232088089,0.09369993209838867,0.91897863,2.48575596470156,75,5.520082473754883,1.4261467456817627,0.6489505767822266,800,-0.00068260083,5.145855903625488,0.4669274093326227,800,0.4587612191520357,2.4548450181802215,14.220452070236206,1.8135998249053955,0.8113878757809382,14.772302627563477,1.4246931076049805,0.0026991086,-1.2529083e-09
0.9171052,16.392927169799805,0.280907209322564,0.0005,0.0,0.4569871425628662,0.8323911630604333,12320000,0.26141684290393635,0.0,1356.5405912399292,0.10660219192504883,0.91719455,2.44905399958999,76,5.611745357513428,1.392484188079834,0.6479034423828125,800,-0.00039962432,5.208982706069946,0.46809921257883713,800,0.4350557252277373,2.4644488130476256,14.370575189590454,1.8147940635681152,0.8113175056115088,14.94805097579956,1.3917396068572998,0.0022375162,-1.4159828e-09
0.9154135,16.534342050552368,0.3385980482086976,0.0005,0.0,0.4456958770751953,0.8737431779816502,12480000,0.28711363666494705,-0.0057930592871859865,1373.0977890491486,0.09551572799682617,0.91584754,2.455387038797224,77,5.4563517570495605,1.3734631538391113,0.635216236114502,800,-0.001030516,5.484172105789185,0.5584221850586623,800,0.4778006091738783,2.446665840731289,14.547256231307983,1.8564529418945312,0.8426236248401375,15.105031490325928,1.3709843158721924,0.0046683773,-2.561138e-10
0.914007,16.19154953956604,0.332337668537085,0.0005,0.0,0.4226679801940918,0.863804884927047,12640000,0.2682595677249944,0.0,1389.306487083435,0.09979104995727539,0.9140203,2.4728212522304496,78,5.324963331222534,1.3402938842773438,0.6357393264770508,800,-0.0010981156,5.3435094356536865,0.5434660856676874,800,0.4512794846049157,2.434871131189795,14.266924619674683,1.825885534286499,0.8163072521729072,14.808144569396973,1.3379411697387695,0.0029924982,-7.9218304e-10
0.9107372,18.272371292114258,0.28157124702391984,0.0005,0.0,0.503403902053833,0.8151146103280945,12800000,0.2969085505972637,0.0,1407.5963134765625,0.10668301582336426,0.9106291,2.4312516664368817,79,5.638458967208862,1.3466203212738037,0.6428797245025635,800,-0.00040583411,6.651683807373047,0.45758617457669376,800,0.4886426186861067,2.418930572902,16.246062755584717,2.197218656539917,0.8313841604457057,16.88188147544861,1.344210147857666,0.0028845123,5.5506887e-11
0.90831316,18.37917995452881,0.3509141622252996,0.0005,0.0,0.4913914203643799,0.8692486629555256,12960000,0.32529281781790814,0.0,1425.989108324051,0.12326526641845703,0.90770066,2.444497857286598,80,6.922500371932983,1.3727774620056152,0.7179579734802246,800,-0.0012380704,5.581414461135864,0.5567154223525548,800,0.5116209868962561,2.46734407098956,16.328115463256836,1.900691032409668,0.8496492545749713,16.958052396774292,1.3697426319122314,0.0055097146,2.231449e-09
0.90478665,16.431440353393555,0.3201420551281251,0.0005,0.0,0.4180006980895996,0.8251571759989065,13120000,0.2949864247384073,0.0,1442.4404723644257,0.11007094383239746,0.9047129,2.4645750263954467,81,5.49898099899292,1.3213636875152588,0.6365759372711182,800,-0.00045083207,5.381096601486206,0.5004557240884896,800,0.464649134267692,2.409752820752689,14.521539211273193,1.9014229774475098,0.8172047907640024,15.067716598510742,1.3204398155212402,0.00269864,1.1207535e-09
0.9018572,16.591508865356445,0.29911355283411695,0.0005,0.0,0.48628735542297363,0.823040204673478,13280000,0.24787098454816323,0.0,1459.0474679470062,0.10118484497070312,0.9016964,2.45552812821089,82,5.555168151855469,1.3177320957183838,0.6528584957122803,800,-0.00028059675,5.482882738113403,0.47217330177061834,800,0.3956492677259243,2.4589823232725907,14.626816749572754,1.8391883373260498,0.7741329847262509,15.232588052749634,1.3148486614227295,0.005224257,-2.9854477e-09
0.89902264,16.131453275680542,0.3134811765484697,0.0005,0.0,0.4043760299682617,0.8023196623786462,13440000,0.27744373415243145,0.0,1475.1960089206696,0.0980827808380127,0.8983203,2.4470226391940204,83,5.545966148376465,1.3494393825531006,0.6508059501647949,800,-0.00030684026,5.114127159118652,0.4802143371495889,800,0.43283266792632774,2.41779553058849,14.213386058807373,1.808546543121338,0.7819976013727041,14.735881090164185,1.3483707904815674,0.0037815906,1.3485552e-09
0.8952583,16.52179217338562,0.31499594325641617,0.0005,0.0,0.374497652053833,0.8295891375826552,13600000,0.27847717691956303,0.0,1491.740406513214,0.09649896621704102,0.89586455,2.4548652210067763,84,5.561171054840088,1.2923290729522705,0.6509304046630859,800,-0.0006758372,5.528521537780762,0.495275765553437,800,0.4359954398708085,2.5033751602261147,14.688804626464844,1.8652758598327637,0.7962675949754606,15.17756462097168,1.2914409637451172,0.0030065982,3.0664729e-09
0.89433694,16.185494661331177,0.38459727307453995,0.0005,0.0,0.4651181697845459,0.893899051812038,13760000,0.3341386388994964,0.0,1507.9445505142212,0.0952763557434082,0.8942672,2.46240490347583,85,5.4741339683532715,1.3272747993469238,0.6370372772216797,800,-0.00013490551,5.229184627532959,0.6027827276378378,800,0.5257151265401235,2.4792107741711518,14.236936330795288,1.814469814300537,0.8592743731454747,14.815113306045532,1.3260514736175537,0.006428299,2.0135187e-10
0.89387286,16.17478370666504,0.3854523563584138,0.0005,0.0,0.4446094036102295,0.9251555794525034,13920000,0.302516581789656,0.0,1524.1414036750793,0.10553741455078125,0.8936861,2.486022194270086,86,5.4115073680877686,1.2932770252227783,0.6377410888671875,800,-0.0003581791,5.290826320648193,0.6272851485687969,800,0.48782980054983327,2.4775910078082575,14.260215282440186,1.8335063457489014,0.8574875658699334,14.828771114349365,1.2899367809295654,0.0078239385,8.3241625e-10
0.89231735,16.380677700042725,0.33453862200494094,0.0005,0.0,0.4605398178100586,0.8781071766988454,14080000,0.28874775896492827,0.0,1540.5457973480225,0.10867595672607422,0.89230657,2.464108853458325,87,5.4665327072143555,1.425156593322754,0.6285336017608643,800,-0.0008326975,5.324740409851074,0.5443918949265946,800,0.47286955159179955,2.458540274458657,14.327861309051514,1.8218145370483398,0.8512853949252777,14.912726163864136,1.4242966175079346,0.004520182,-2.5991351e-09
0.8911707,16.43939232826233,0.36288549271554876,0.0005,0.0,0.4821510314941406,0.9011620863017842,14240000,0.35069042690608443,0.0,1557.0028886795044,0.10646319389343262,0.89100456,2.4753557736834373,88,5.5889732837677,1.3588283061981201,0.6384835243225098,800,-0.0004816763,5.256763458251953,0.5805597282719261,800,0.5566129015653078,2.454699556793506,14.421809196472168,1.8493409156799316,0.8907906770539888,15.027017593383789,1.3565897941589355,0.006785928,1.8185006e-09
0.8903135,16.886916875839233,0.34907727920904547,0.0005,-0.000872703203528058,0.4805479049682617,0.9033763463885136,14400000,0.3514435655883025,0.0,1573.906480550766,0.12932944297790527,0.8903626,2.4558966505716024,89,5.508732557296753,1.3629746437072754,0.6395459175109863,800,-0.0009986277,5.37270975112915,0.5587133122361619,800,0.5706922570569565,2.503267057466704,14.849959135055542,2.234285354614258,0.901418850991841,15.473183155059814,1.3610010147094727,0.0061367466,6.7558137e-10
0.8902467,16.871350049972534,0.3771692508279116,0.0005,0.0,0.5272009372711182,0.9308315966911804,14560000,0.3090700075153426,0.0,1590.7929439544678,0.09987235069274902,0.8898068,2.5118493194841083,90,5.7581682205200195,1.3570144176483154,0.6645939350128174,800,-0.00053671864,5.426783561706543,0.6075959912588396,800,0.5040955775731429,2.4718345892839153,14.835379600524902,1.8481080532073975,0.8851864772150843,15.476907730102539,1.3561203479766846,0.006074346,-7.336959e-10
0.8893502,16.40959358215332,0.37587175551483853,0.0005,0.0,0.4689033031463623,0.917936834215089,14720000,0.31981380298605133,0.0,1607.224368572235,0.09737610816955566,0.88929385,2.445022250277256,91,5.46229362487793,1.353719711303711,0.6426045894622803,800,-0.0010400179,5.38615345954895,0.5967574775513055,800,0.5002972895372401,2.466862819229186,14.4233558177948,1.8353908061981201,0.8663866840429089,15.005475759506226,1.3529212474822998,0.0058122287,1.2192876e-09
0.88861895,16.289928436279297,0.3695501011428124,0.0005,0.0,0.4214160442352295,0.9411218546026259,14880000,0.292201086805194,0.0,1623.5299501419067,0.09692883491516113,0.88905233,2.462242866434042,92,5.45596718788147,1.35709810256958,0.6569020748138428,800,-0.0006756495,5.324330568313599,0.5945534699762197,800,0.47598024918816795,2.461971543690552,14.355759620666504,1.8304457664489746,0.8642909715881693,14.89225172996521,1.353440284729004,0.003966582,1.3113013e-10
0.88800275,16.254623889923096,0.35762217139070335,0.0005,0.0,0.4036998748779297,0.9073100083242542,15040000,0.32034073892519316,0.0,1639.8079478740692,0.10324501991271973,0.8880414,2.439575792880191,93,5.33790397644043,1.3122577667236328,0.6401565074920654,800,-0.0001823166,5.440951585769653,0.5675068380370168,800,0.5107983305071493,2.4557122962907534,14.367435693740845,1.8489713668823242,0.881738836116977,14.891806364059448,1.311608076095581,0.0038041628,-1.9788742e-09
0.88462794,16.65615224838257,0.3905398350183209,0.0005,0.0,0.46814465522766113,0.9502348241919795,15200000,0.3363685168761132,0.0,1656.480981349945,0.10494446754455566,0.8848468,2.4660058720432225,94,5.611003637313843,1.3898921012878418,0.6330380439758301,800,-0.0002677999,5.447835683822632,0.6244286311549095,800,0.5384919389102595,2.4280663954531336,14.638128280639648,1.861940860748291,0.9198164963176385,15.227497100830078,1.387150526046753,0.0038453483,8.4247437e-10
0.8812372,16.93634557723999,0.29263191387485443,0.0005,0.0,0.4900531768798828,0.8681782989647863,15360000,0.28368359289994577,0.0,1673.4340243339539,0.10283851623535156,0.88117033,2.4243975803389795,95,5.476785898208618,1.601435899734497,0.6422717571258545,800,-0.0010409353,5.528818607330322,0.46935875256711007,800,0.45286774067678853,2.470181270179621,14.686575651168823,1.910654067993164,0.8514014432790895,15.293179988861084,1.5998249053955078,0.0029114117,-1.6467645e-09
0.8776452,16.826056003570557,0.35849971469954356,0.0005,0.0,0.562018871307373,0.9340788401664016,15520000,0.3202617737002076,0.0,1690.2809736728668,0.10291671752929688,0.8780708,2.4542915740911906,96,5.65131139755249,1.4042465686798096,0.6649866104125977,800,-0.00094568334,5.431164979934692,0.5756217372537593,800,0.5203730731661839,2.4695780249182397,14.686556816101074,1.825467824935913,0.9082867798125515,15.377317905426025,1.401036024093628,0.005190985,-8.642672e-10
0.8743606,16.392980575561523,0.30109500080412127,0.0005,0.0,0.4202232360839844,0.8742516848104975,15680000,0.3281196027445168,0.0,1706.6951956748962,0.11448025703430176,0.8749533,2.4741715653576706,97,5.6312150955200195,1.2537751197814941,0.6430606842041016,800,-0.00044334962,5.319092273712158,0.4878260254522076,800,0.5305525912355791,2.48759112150314,14.54750108718872,1.8595502376556396,0.9044345852646577,15.098206281661987,1.2529008388519287,0.0061840136,4.1741877e-10
0.8734588,16.285970449447632,0.39003625629759353,0.0005,0.0,0.5018556118011475,0.9515564960343379,15840000,0.3177502523138333,0.0,1722.9988157749176,0.10095930099487305,0.87326914,2.5033429519170416,98,5.33204984664917,1.3714268207550049,0.63283371925354,800,-0.00039814276,5.336309909820557,0.6131490749180456,800,0.5125359145797516,2.474991469316186,14.253693580627441,1.8592116832733154,0.8983710334777641,14.877771615982056,1.3701181411743164,0.0034152563,-6.0219313e-10
0.8733916,16.24653959274292,0.3629051922490044,0.0005,0.0,0.3763294219970703,0.9385019885521891,16000000,0.29857202453160436,0.0,1739.2609233856201,0.09769439697265625,0.8733444,2.474343955198702,99,5.662371873855591,1.2724528312683105,0.6436445713043213,800,-0.00120167,5.251941919326782,0.5897981309796126,800,0.4790242570724698,2.4650475911558436,14.441049575805664,1.8067147731781006,0.8900835727284442,14.93184757232666,1.2676622867584229,0.004680634,1.9747763e-09
0.87509435,16.092973232269287,0.3798749296841201,0.0005,0.0,0.3594050407409668,0.9698943862213726,16160000,0.3522274252097591,0.0,1755.3693511486053,0.0999460220336914,0.8747165,2.4745191880993667,100,5.459742069244385,1.4445409774780273,0.63690185546875,800,-0.0004180499,5.163349390029907,0.622492623906038,800,0.5813425627208271,2.496883069107421,14.132668733596802,1.8121120929718018,0.9500032979017765,14.609150409698486,1.4438214302062988,0.0043058447,3.9543957e-10
0.87426907,16.445017337799072,0.3413832577737573,0.0005,0.0,0.440061092376709,0.9315970267025298,16320000,0.2991279810391778,0.0,1771.831455230713,0.09526491165161133,0.87418944,2.4877446011473863,101,5.5537285804748535,1.3410799503326416,0.6395385265350342,800,-0.00026438234,5.3995361328125,0.5601563776412936,800,0.4894031255325169,2.477607379533899,14.514328241348267,1.8355858325958252,0.8941695369990397,15.063074827194214,1.3402538299560547,0.0050658137,-5.6140126e-10
0.8732011,16.25914764404297,0.3311406398328964,0.0005,0.0,0.43654918670654297,0.915039476998072,16480000,0.3642598160813955,0.0,1788.104570865631,0.10558462142944336,0.8730764,2.4753261622323177,102,5.50949501991272,1.3183131217956543,0.6344914436340332,800,-0.0012956219,5.2794225215911865,0.5291451726793519,800,0.5935301882802202,2.493077896269182,14.339162349700928,1.8340833187103271,0.9522545022693015,14.897972822189331,1.3127942085266113,0.007749263,2.209656e-09
0.8719793,16.321269512176514,0.33904348115558036,0.0005,0.0,0.37689757347106934,0.9194493416371364,16640000,0.2848595386225962,0.0,1804.44203042984,0.09714794158935547,0.87201494,2.467555583711089,103,5.509204864501953,1.3555777072906494,0.6389026641845703,800,-0.00027828765,5.365415334701538,0.543150504633411,800,0.45473022185344936,2.467918946038178,14.430802345275879,1.8445782661437988,0.8734106329804341,14.925024271011353,1.353980302810669,0.0056677223,-2.5749207e-09
0.86950725,16.879292964935303,0.3495306374247494,0.0005,0.0,0.39543700218200684,0.9218684732105934,16800000,0.31130700592636673,0.0,1821.3357915878296,0.09942865371704102,0.8690949,2.4690059499142865,104,5.789266347885132,1.3819191455841064,0.6638970375061035,800,-0.00095848896,5.569040775299072,0.5498338474703184,800,0.49478020462494043,2.4908661712784714,14.938095331192017,1.8324484825134277,0.8940437166253303,15.449277639389038,1.3801167011260986,0.0040537445,1.1652708e-09
0.86495876,16.46827459335327,0.3286745673406715,0.0005,0.0,0.4388737678527832,0.8959536454506536,16960000,0.3380683297499541,0.0,1837.8186750411987,0.09225988388061523,0.8652697,2.4793864797382645,105,5.383826017379761,1.361680269241333,0.6398043632507324,800,-0.00039709164,5.510008096694946,0.5193528805387921,800,0.5286356398647003,2.4656872491067103,14.5062255859375,1.8935034275054932,0.9062984813367198,15.059296131134033,1.360395908355713,0.004294333,3.9169565e-09
0.8611742,16.631213426589966,0.3190544089473486,0.0005,0.0,0.3867180347442627,0.8865816376235629,17120000,0.285065066978611,0.0,1854.4706158638,0.10610556602478027,0.86122334,2.470838921712492,106,5.558011054992676,1.2937510013580322,0.6536474227905273,800,-0.0007235627,5.571771860122681,0.5009728831438879,800,0.44422596059808084,2.463589088587906,14.774693965911865,1.8867058753967285,0.8504022570548349,15.292670249938965,1.292370080947876,0.0048724436,-2.4376439e-09
0.8583712,16.756654977798462,0.3604632316590625,0.0005,0.0,0.3771016597747803,0.8985173487458289,17280000,0.31742663134237126,0.0,1871.2470586299896,0.10265851020812988,0.85837674,2.47206198339437,107,5.586829900741577,1.2893502712249756,0.6390390396118164,800,-0.00061943533,5.723731756210327,0.5464279906163608,800,0.4967069374837114,2.441357349583018,14.93009066581726,1.8842833042144775,0.8835342388176242,15.424665212631226,1.2886028289794922,0.004987593,-1.7281622e-09
0.8557687,16.440460205078125,0.32520272452214505,0.0005,0.0,0.42259955406188965,0.890447538067518,17440000,0.32374976673462724,0.0,1887.7087631225586,0.09652256965637207,0.8557212,2.4471982373181267,108,5.562898874282837,1.3754730224609375,0.6330151557922363,800,-0.00071196124,5.382390260696411,0.5042867783942513,800,0.4980216232515613,2.459788692522539,14.480742692947388,1.8432221412658691,0.8900346222966309,15.015810489654541,1.3745241165161133,0.003775408,-4.4330782e-11
0.8529137,17.025134325027466,0.3593750367693586,0.0005,0.0,0.45862770080566406,0.9196811213591823,17600000,0.29117843601057636,0.0,1904.7498393058777,0.1068274974822998,0.85286975,2.4173691667423456,109,5.4045469760894775,1.2934625148773193,0.631392240524292,800,-0.00047898066,5.984533786773682,0.5559347104771757,800,0.4530935487596699,2.4727625100065382,15.108401775360107,1.994081735610962,0.8610027359241286,15.691001892089844,1.2900843620300293,0.003870624,1.01327925e-10
0.851212,16.292444944381714,0.3801931798385593,0.0005,0.0,0.3768923282623291,0.9229988683765328,17760000,0.3499572971429007,0.0,1921.0597417354584,0.09568095207214355,0.8505668,2.48243551050314,110,5.504226446151733,1.3434338569641113,0.641129732131958,800,-0.0005319101,5.327127933502197,0.5866537011877389,800,0.550597356502287,2.4906813680863986,14.413138389587402,1.842695951461792,0.9166579006170463,14.8975191116333,1.3412351608276367,0.0044623083,-2.3253262e-09
0.84874415,16.323126792907715,0.3537091857832682,0.0005,0.0,0.38265252113342285,0.9243970282282981,17920000,0.31167861471487074,0.0,1937.4028441905975,0.09356212615966797,0.84871936,2.466674198537061,111,5.326826572418213,1.347764253616333,0.6484465599060059,800,-0.00038267203,5.525274276733398,0.5609796677675051,800,0.4860752808114864,2.5033546383821075,14.43385648727417,1.8567326068878174,0.8808692450256416,14.9250328540802,1.3471057415008545,0.005690893,1.0158867e-09
0.84680784,16.311872959136963,0.3587861715019413,0.0005,0.0,0.43933987617492676,0.9357732312751139,18080000,0.3342898539482707,0.0,1953.7293932437897,0.10407185554504395,0.8469399,2.4766788970357947,112,5.352779865264893,1.2965621948242188,0.6309716701507568,800,-0.00070673,5.47270655632019,0.5725911643341033,800,0.5300066099186554,2.4732159150431814,14.405268669128418,1.859776258468628,0.9146654262147165,14.968194007873535,1.2958569526672363,0.0068560787,1.3979152e-09
0.845292,16.235405921936035,0.33546424373995265,0.0005,0.0,0.38169169425964355,0.9211143371070283,18240000,0.34911378397219905,0.0,1969.981283903122,0.09765315055847168,0.845205,2.463048996854103,113,5.3976123332977295,1.411862850189209,0.6310274600982666,800,-0.0004981112,5.328924894332886,0.52976146408376,800,0.5514755992501454,2.4874872542056776,14.290580034255981,1.8430004119873047,0.9376001115434821,14.785292387008667,1.4103753566741943,0.0040138215,-1.4366582e-09
0.8437544,16.674150228500366,0.35366315219815647,0.0005,0.0,0.5222699642181396,0.9330740180731455,18400000,0.32229952315395066,0.0,1986.672976732254,0.09892845153808594,0.843836,2.4957633913293646,114,5.5250279903411865,1.4346401691436768,0.6440024375915527,800,-0.0012174338,5.442010402679443,0.5490324309316528,800,0.5130517532073157,2.482421737463476,14.548012256622314,1.8413808345794678,0.9183501857236445,15.18995213508606,1.4309797286987305,0.007195634,-7.8845763e-10
0.84412646,16.408207416534424,0.34584526129475823,0.0005,0.0,0.4345061779022217,0.9224172811337815,18560000,0.32370591400586585,0.0,2003.0995545387268,0.09801197052001953,0.8440923,2.517923051836634,115,5.618299722671509,1.4443891048431396,0.6468946933746338,800,-0.0002864705,5.20438814163208,0.5394754552761677,800,0.5110452640155748,2.4762207506943748,14.359996557235718,1.8037469387054443,0.9196652562518212,14.909688949584961,1.4435207843780518,0.00401884,2.154708e-09
0.8440755,16.440170526504517,0.3411376791864379,0.0005,0.0,0.45053935050964355,0.9251159813983477,18720000,0.3352083626414907,0.0,2019.5559356212616,0.11168980598449707,0.84393376,2.45928511795466,116,5.343945026397705,1.3763675689697266,0.6015958786010742,800,-0.00020553637,5.205879211425781,0.537696438064555,800,0.534317756921744,2.466847960400362,14.441633939743042,1.8358831405639648,0.9240778828559784,15.024152994155884,1.3755717277526855,0.0021328079,5.2973637e-10
0.84443206,16.58573603630066,0.364651178028944,0.0005,0.0,0.4642360210418701,0.950167613676811,18880000,0.3364037627048908,0.0,2036.1604194641113,0.1012887954711914,0.8440838,2.482716835012943,117,5.614205598831177,1.3985166549682617,0.6512248516082764,800,-0.00047824087,5.39007043838501,0.5750753075110484,800,0.5329243603182736,2.491241570079932,14.56187105178833,1.8147037029266357,0.9226915447563466,15.142651557922363,1.397721529006958,0.0028082854,-3.762545e-10
0.84358525,16.303820848464966,0.3932421656437552,0.0005,0.0,0.38062191009521484,0.9781547081318746,19040000,0.29898197721929004,0.0,2052.4847197532654,0.0926511287689209,0.843342,2.477189543758804,118,5.359805345535278,1.3748705387115479,0.6457781791687012,800,-0.0009771563,5.472140073776245,0.62469213627575,800,0.47952192124164816,2.4676591338865737,14.398890256881714,1.8360705375671387,0.8978146497580394,14.887133121490479,1.3738605976104736,0.004799758,-1.6614785e-10
0.84147227,16.41095232963562,0.4002853972546814,0.0005,0.0,0.43201398849487305,0.9722546703237833,19200000,0.3626629078822948,0.0,2068.9153621196747,0.09794831275939941,0.84149003,2.5055824345734705,119,5.600400924682617,1.3391156196594238,0.6368699073791504,800,-0.00063286285,5.344482660293579,0.6204977168657207,800,0.5696102934819435,2.486638055103549,14.47822380065918,1.8216464519500732,0.9627380952504133,15.02386999130249,1.3381385803222656,0.004904721,1.2595207e-09
0.8391999,16.200194120407104,0.3853226455380519,0.0005,0.0,0.4062469005584717,0.978571489393257,19360000,0.38124830149997135,0.0,2085.1345438957214,0.1028587818145752,0.8393298,2.4676507206007896,120,5.383932113647461,1.3307726383209229,0.6336588859558105,800,-0.00014500596,5.366291046142578,0.6050446113111176,800,0.599276701296001,2.5058155355183156,14.298781394958496,1.8166022300720215,0.9750193958660759,14.825305700302124,1.32997465133667,0.0050699227,-2.0626933e-09
0.8366991,16.28722333908081,0.36529673653559835,0.0005,0.0,0.46499037742614746,0.9435697781560896,19520000,0.33184908487332043,0.0,2101.4410557746887,0.1139528751373291,0.8368156,2.488354456445876,121,5.565380811691284,1.281545877456665,0.6356863975524902,800,-0.0008313596,5.2715771198272705,0.561678417401372,800,0.5114744429267012,2.472294391304821,14.356366157531738,1.7899372577667236,0.9178675580016648,14.949138402938843,1.2786040306091309,0.009171181,2.1468851e-09
0.8357086,16.525283813476562,0.40709073557320913,0.0005,0.0,0.48087239265441895,0.9578718618770924,19680000,0.34601538173876795,0.0,2117.9820296764374,0.10114359855651855,0.8355866,2.493714991746361,122,5.536921501159668,1.424696922302246,0.6213054656982422,800,-0.0004627258,5.362581014633179,0.6178848943816068,800,0.5390369702590013,2.4645055591918354,14.451444149017334,1.8488776683807373,0.9395155247026632,15.056387901306152,1.422356128692627,0.0046841325,6.7204237e-10
0.8340033,16.422335147857666,0.3680893458480795,0.0005,0.0,0.3964691162109375,0.9594818694425654,19840000,0.37595710887227546,0.0,2134.4228262901306,0.10272216796875,0.8339825,2.463027476455024,123,5.4967732429504395,1.351083755493164,0.6459572315216064,800,-0.0014629231,5.461003541946411,0.570057288792376,800,0.5898488295322526,2.487598705005029,14.514598846435547,1.830653429031372,0.9776605018083036,15.029136896133423,1.3496747016906738,0.00707715,-3.4812847e-10
0.8303036,16.77508544921875,0.3968657107129806,0.0005,0.0,0.49130725860595703,0.9601363146180791,20000000,0.3792581592513203,0.0,2151.213358640671,0.11797142028808594,0.83055216,2.5028430738898786,124,5.633066654205322,1.3240532875061035,0.6349291801452637,800,-0.0005455784,5.5514044761657715,0.6005398705359983,800,0.5848340941160598,2.467283970033719,14.77847146987915,1.8324851989746094,0.9689917068438878,15.408350944519043,1.322899580001831,0.0058240653,4.708767e-10
0.8276789,16.461371898651123,0.37002442609024555,0.0005,0.0,0.4020843505859375,0.954623366976567,20160000,0.3556596302913599,0.0,2167.6918835639954,0.09369134902954102,0.82731444,2.4693573188017375,125,5.358799457550049,1.393010139465332,0.6321535110473633,800,-0.00035506277,5.556786298751831,0.5750116801318073,800,0.5494304207995121,2.474254316956943,14.495331764221191,1.875809669494629,0.9521871747277766,15.007224082946777,1.391373872756958,0.0077415174,1.1868775e-09
0.82531726,16.50230884552002,0.36738360999066716,0.0005,0.0,0.3645493984222412,0.9293710847468155,20320000,0.3469171035201603,0.0,2184.210701942444,0.10399746894836426,0.82539177,2.4949706342296567,126,5.568347454071045,1.3197364807128906,0.6486680507659912,800,-0.0005769826,5.49294900894165,0.5505498021594785,800,0.5215043685976509,2.4813643002646644,14.65015959739685,1.86934232711792,0.9216030696041713,15.138186693191528,1.3170902729034424,0.0028122598,-1.4487653e-09
0.82293487,16.851516485214233,0.3768101189701318,0.0005,0.0,0.43602681159973145,0.9589416791421508,20480000,0.37317219748916186,0.0,2201.080475091934,0.09207701683044434,0.8230068,2.4702540596208507,127,5.6032843589782715,1.4426298141479492,0.6307578086853027,800,-0.0019070696,5.647632122039795,0.5805759712847348,800,0.5653938571137246,2.480795275354656,14.818866968154907,1.8411617279052734,0.9565235307407843,15.362779140472412,1.4418423175811768,0.0071943207,-9.51439e-10
0.8212196,16.68089747428894,0.4163579469107189,0.0005,0.0,0.45073366165161133,0.9790191323804696,20640000,0.37254453586474784,0.0,2217.7810530662537,0.09799909591674805,0.8208793,2.5096213042441247,128,5.880313158035278,1.2437801361083984,0.6538596153259277,800,-0.0004182474,5.388007402420044,0.630520285119186,800,0.5635649097449046,2.4901838856243157,14.824872016906738,1.8041901588439941,0.9559565040738791,15.390174627304077,1.2408263683319092,0.0053126584,-2.0714477e-09
0.8189566,16.487584829330444,0.4182230144910505,0.0005,0.0,0.40062928199768066,0.9822851960142758,20800000,0.3530847333300921,0.0,2234.2827520370483,0.10058712959289551,0.8184976,2.466680483472648,129,5.57587456703186,1.3115789890289307,0.64015793800354,800,-0.0006244074,5.483080863952637,0.6261529065982622,800,0.5327000832446319,2.5249913264225747,14.608189105987549,1.828047752380371,0.9340414656121598,15.127716779708862,1.3086059093475342,0.0038872943,2.7753408e-10
0.81630063,16.5212082862854,0.45124625100364385,0.0005,0.0,0.40967273712158203,0.997684682277373,20960000,0.3957126137692649,0.0,2250.8207228183746,0.10663461685180664,0.8161738,2.4767600106548024,130,5.644277811050415,1.3293256759643555,0.6422245502471924,800,-0.0008497353,5.384788751602173,0.6731007433087385,800,0.5866927365025445,2.489443425579437,14.595014572143555,1.8363134860992432,0.9593046399679392,15.13867998123169,1.328608751296997,0.006550303,-3.8780268e-10
0.8134481,16.417359352111816,0.3354559045223761,0.0005,0.0,0.45803141593933105,0.9310489800818655,21120000,0.3335615522158109,0.0,2267.2537429332733,0.09441685676574707,0.81369203,2.485768088841127,131,5.580633163452148,1.3623020648956299,0.6332874298095703,800,-0.0005086481,5.3540520668029785,0.5135924427439068,800,0.5129673482349084,2.4585654217623416,14.446364402770996,1.806701421737671,0.9322653316232451,15.013340950012207,1.3615992069244385,0.0070231208,3.15588e-09
0.8114311,16.5273654460907,0.4211044257812644,0.0005,0.0,0.3764023780822754,0.9925665605741429,21280000,0.4315991088303548,0.0,2283.8040087223053,0.09257626533508301,0.8115398,2.474905776887145,132,5.8062424659729,1.4256782531738281,0.6392490863800049,800,-0.00027999666,5.2452168464660645,0.633895142634955,800,0.6413713862567763,2.5047647757346962,14.572749853134155,1.8030600547790527,1.0002455886725532,15.056763410568237,1.4250221252441406,0.00424845,-7.797031e-10
